ID,Sensor1,Sensor2,Sensor3,Output
1,23.35050020062576,37.41019397330811,112.99646104145648,17.231959123330448
2,26.829088762810244,70.31661609176413,84.27869800695723,49.43942915039708
3,17.09588023576749,28.567141451837134,116.32992047786716,11.732347850529136
4,20.652270560443384,53.32825263158149,99.74839872995776,25.325471398420326
5,13.403390431101185,26.898710374824432,71.76296583356111,28.705463484435555
6,16.960257763574077,53.78476858595809,95.22474560223505,31.40432493651463
7,21.928300002346187,45.220588941611034,138.62222137725075,36.862093261914495
8,11.67357666433774,66.23356867289552,117.17954052086615,30.51169459168473
9,16.818552271609594,60.81034206791344,92.42049862187012,36.71171463599027
10,15.360330200311397,41.192910020125055,62.6166847799813,22.412945069797324
11,,,,25.73155143991409
12,22.873506308326743,45.27354900451836,71.87051991931077,38.06175623875766
13,23.710764021882284,78.1335719005151,63.09983987133003,48.72343714599665
14,24.994083223890755,74.2860272166212,115.71182260330605,36.38163058328129
15,26.860584232861854,35.47597721947024,101.24774792760331,19.5681318114359
16,23.03622726841703,62.00338007002022,135.90216896687883,46.77397156070847
17,29.436679494472077,24.028528566541016,80.04716202404742,33.92244450708275
18,20.59751260632341,43.289863084139526,99.95438130481739,21.80216099115967
19,19.13339422874726,36.08653470706312,72.11651296506172,32.7292147032909
20,23.0365368168002,66.03919186358661,88.10253277667515,46.92975018990205
21,18.917944125037057,30.63923720317382,95.55780076134829,20.388277509846656
22,29.262823643875247,56.44025353133708,92.50692064376705,38.03524387567605
23,25.65491736567606,50.010651823489454,101.07081261231002,26.637185755027705
24,,,,24.782143249247966
25,20.657096720206756,75.07374426116597,117.32835170909108,40.24929447292164
26,17.962614142925684,76.39545788501466,84.613308318174,50.882622560882375
27,23.506625022838797,47.83410772320543,99.39291756272702,24.222767809935572
28,14.364512740765205,44.81125549100009,115.88192749918888,18.407767967219204
29,27.671817667205104,27.396900217952496,120.71473014859012,17.09718361883224
30,19.111816473073134,49.93611519141185,86.77686630691694,37.89036595962547
31,,,,24.054565567711006
32,15.451994619033556,48.068969907081154,106.62293018375402,19.44109049765685
33,23.614931315596106,60.931389247156694,78.68021772922143,47.80840248488217
34,17.731291935808358,29.037540141211036,116.00315925171469,13.423646860965682
35,23.24614395152549,43.47837605399597,103.03086416864937,21.202443903739503
36,23.786967344886946,56.936979587039765,65.17218787346948,38.128559283288915
37,16.761839432057297,51.58793597072079,94.12292878577261,31.980060152773383
38,14.382354395430026,62.370010016158425,100.79715083169945,31.14392768131817
39,27.659499582722724,40.95992173162004,87.88351042364812,32.753715982409204
40,,,,22.464817652380027
41,21.12424408022819,66.83135345483406,125.2893698135621,42.76966029890579
42,22.42732262323371,35.95776066093637,92.3501968217431,28.001443173474737
43,13.731499350508898,57.59906041252976,90.15548957292515,36.459227864908755
44,22.313330684099437,56.76285299732623,97.37530653261358,32.038039988775324
45,20.495632680773184,25.04370207452012,95.99838868386638,16.143736308654898
46,16.782346511478043,65.73688125860038,88.14996212396154,44.05259160107375
47,14.217320075811354,41.50149208206546,25.82406781353417,28.37723016548846
48,23.02942773978635,50.825819329804425,135.09623751199229,42.096796807255394
49,25.638560040974397,44.627261540516656,100.00835927556284,24.908882342343656
50,20.892952586964014,74.33887253349363,96.43379776141848,41.69192698087248
51,12.827673290751566,70.15235312276094,106.50338260103902,27.726637756336412
52,14.713335914126349,22.814981243439167,98.3988450293182,12.837151323815148
53,17.83938145337973,83.88240682862283,91.39368310709101,48.36658009550521
54,27.82309870580375,39.82539901227206,79.88708027216101,36.784708587389886
55,,,,25.144702618997172
56,17.657155386009002,46.15685641790023,72.91242140091214,41.84820614642476
57,11.632576001619427,44.88624940862098,77.66651866579706,36.23772155869786
58,16.716576049449444,46.29008400383266,113.01844316081937,13.487765032318418
59,13.83531823004585,43.988155325307645,114.49246293528789,15.871231972281855
60,,,,26.336916996554816
61,20.599753400793713,48.85455201019049,46.726917191252106,18.35815846343769
62,17.994178971944113,45.46555351191966,100.18241439003752,24.20087907829825
63,28.497472263356727,51.15516136239416,91.56915568681363,37.09117015541019
64,,,,26.95211315729522
65,16.955580310948307,73.95680801435375,119.11874951528729,34.85977785868595
66,15.415910791297424,27.93378746460303,102.77305250945705,9.788639409828948
67,,,,26.09942908868269
68,,,,24.95440202216935
69,9.02875878227234,50.63528196151148,94.74777286030087,27.390438038118674
70,20.46428811985851,58.238227737500694,81.87174475620716,47.84636909384412
71,,,,26.177740626237238
72,23.245600700299683,65.0570232249872,120.52284088803933,30.604949354280972
73,29.71334062080752,52.06214517711718,72.404351768011,44.71932319676293
74,17.57971490336101,81.34013974777697,101.75558869617937,40.519822601333445
75,9.69650742668043,40.5749577680565,118.30099965338779,18.85096148091374
76,22.895038500746317,48.49535538511171,98.27625328363783,25.316398809755864
77,,,,25.619070422533913
78,18.481201092401125,48.463673509745306,94.25455015769076,29.992686575599663
79,16.474812599301693,33.9618401455826,103.41656158847273,12.071035200066337
80,17.813702973111504,26.245252622592528,108.81569864684353,10.425185027447762
81,24.251026835656173,56.258023615687904,88.55995123473731,40.30729704783112
82,17.7276952935751,40.497893216740145,139.81352034379998,37.751573952383
83,21.643801501714226,78.6171318347192,111.55160360663844,34.4430573488223
84,20.1390145786997,48.91186515147141,126.05970997433842,27.97236634504507
85,19.62310193788617,46.22766113762764,121.42047892721536,24.398592182092457
86,23.506461633761162,66.41509679603982,106.54578538566822,31.299091965599168
87,17.607100500679028,56.03288956171583,127.71578844719615,34.267893333740616
88,17.847067199088606,47.367238583194265,103.75829422383835,14.768558989081704
89,,,,25.73675706195121
90,15.065373379156737,104.86552705998612,100.29638463125926,52.023863588574365
91,15.598899045888365,55.42678643392608,79.87666175169737,43.67817270600786
92,13.698428543282033,66.26644366076594,57.965913437803955,31.805586461381644
93,24.245054566382766,34.655817196497566,82.94915513881949,32.77485642778274
94,19.473815159593663,41.33021920364488,101.45763065941749,22.78664809910304
95,13.431924269604668,81.68518832435433,121.23849570976162,37.43917179860245
96,24.269042811545344,70.95396409033452,82.8896159084729,51.332244186290126
97,,,,25.25406246437728
98,15.641609605815574,44.276436623044646,75.78634028386246,37.66605233582185
99,19.02160720561524,46.48946342065136,81.60955067721099,38.82327310598807
100,27.39361804733946,39.85833897115806,128.98313206792903,29.56207152808528
101,18.02518901751715,32.64726004792038,100.95242039924992,17.852917870760574
102,,,,24.973273596667482
103,23.63540010225477,58.082468341880876,104.70559979815654,24.142681085587206
104,22.21636649003203,61.041182245134095,75.87193498563909,47.25008066099913
105,26.35535824837131,44.946530180566036,93.38303742852355,32.19409116249742
106,16.464419976838606,53.834584626997454,100.05322316253103,30.29331432730874
107,14.78332578474832,43.51934352538798,124.62761872358865,25.977937474765344
108,,,,22.005407628083425
109,19.277657923501035,75.00593654213264,135.25980630751542,48.58214149269162
110,15.264766710797355,51.82260945261115,97.50704523349914,29.806286592264517
111,20.73770455932664,57.61181507429811,77.78887502065982,43.393430482427924
112,20.384942098624467,62.53631020786251,74.16730567731217,43.34366683204282
113,25.092866515930204,52.01061329349536,105.46298634008413,26.52656901863559
114,21.4557215411802,53.60949116037732,73.05581039862949,40.82358462125283
115,17.91924072069276,33.70062234569439,88.79752909813803,29.304506438350458
116,22.054246022163415,36.55827457345122,95.00193878244403,22.312527592363914
117,14.849029900510295,35.782778673073295,122.87351478809651,22.539594467414506
118,19.809296559878415,59.08187625230803,120.36906918527947,32.1771490930144
119,21.597006167977902,51.06335979233098,87.14015219762082,37.08953116392346
120,20.646587990750632,36.559526543516185,95.74633659558157,19.660004234653375
121,22.07532547467992,58.701482624528104,68.09230199648509,45.60483568584458
122,16.779769921436042,58.15184691431159,59.2180897351256,30.1538189743982
123,25.76015701404758,39.57551013050953,75.4189510481476,35.50728871098127
124,29.110844746978536,49.58258683056089,122.4619472265162,33.149828193155
125,11.986619275707028,58.207125125907154,115.6016144444292,26.14297234070881
126,13.92201002022876,37.12466968820865,107.66872525193227,15.364915502767175
127,20.21541504012193,58.49340147343926,70.84751026758846,42.2987692787064
128,18.71724509723563,54.515354062453426,85.76680845217709,44.135191681570035
129,29.48206202886391,35.012004417484604,82.84357943642758,32.817472584362385
130,21.098921617122304,53.29695102497153,96.68003258758876,29.46571056393117
131,26.962726268629787,55.484728799838564,95.41892886735768,35.4424659256796
132,9.754380567732,40.60998310791801,79.96086286608343,35.46672954809851
133,24.07084741666176,41.790745252006865,106.98433615797087,19.87716917257971
134,16.422415903708394,34.87370103603215,104.57892760408478,13.608859963394151
135,16.342287151901715,43.26501546314159,85.42353801814107,33.30770982664125
136,18.758209867939378,49.81876984344278,106.08556783265063,23.62348105052121
137,,,,26.49825079866773
138,22.213927626609262,27.72668152634169,128.5612155424649,21.635607024878972
139,20.953574833583975,39.671179630450595,109.81324313219719,14.314138760837785
140,,,,23.878482463234636
141,24.43515511066453,62.25258064448378,95.19722171951378,36.16129681193519
142,27.573910230970768,58.92147372165396,120.59425791070318,34.93750591531693
143,18.181444754562264,62.543316183125036,78.59297097320426,47.59741489194695
144,22.386753198682367,38.91471654501548,118.2770028681633,20.55590476757544
145,21.464941041674898,52.12326168619015,94.24790531638395,32.88432672050094
146,21.8880725316447,13.654302514976997,129.8187365440346,17.907616642728033
147,21.962988322329917,56.43380597271483,111.76412814080149,21.80523239359679
148,27.952516722824193,59.163465108511964,98.64267537853799,35.30107885028377
149,17.701615657553532,44.72562248208614,95.27024702191453,25.525646178450895
150,12.37132048398159,54.431447175826726,110.51225708896874,20.876290474273436
151,16.510631156920564,27.27613586944921,109.54248695372111,7.653449245200926
152,23.786334667677025,37.98399514400264,92.03313990998944,28.616221833405447
153,20.116647543235885,61.48173857648413,101.83671516536693,31.040861076148865
154,17.66200329752502,57.668799178093614,117.92780174697204,25.128206903189007
155,14.61751365795179,43.82218233432849,72.732874842395,35.16266409056842
156,21.106430608652662,62.17043476107065,114.51756441107426,27.54173251848106
157,23.222531376369044,52.074471751998665,110.42429156718708,25.657887726423105
158,21.52936027548014,42.436685541167606,123.7329495112298,23.52911693462451
159,18.73334834422527,47.25759034095059,85.68692597393525,34.79659420545875
160,20.733206421487314,43.168734630326966,100.11432172185782,21.54941118325171
161,20.704214832787077,32.243360737722085,104.10136752009791,12.146953396369565
162,20.94848465608831,68.85028708853152,114.7759303440047,31.400317907508146
163,14.0784752449044,41.47963350061113,108.58233858322001,14.00175212645838
164,20.986631753074388,37.51458928554633,75.2088980237545,34.680468292542066
165,17.797017657669027,27.059775192299618,105.82088065723292,11.727880830432488
166,25.203093030048795,10.460481986163103,140.08457548540815,22.851011859907956
167,20.66459320875137,60.522453021784806,112.2351515192263,27.04397592388537
168,24.17739610911446,61.90413030554318,132.760938890732,42.606877661476844
169,18.49109306475124,67.89557876892061,120.86122754589624,34.60700807913737
170,18.671430811942706,47.76441025744727,127.24803870876818,30.217838227059914
171,27.47125623128166,45.17011209059607,106.19937321969411,22.886973540328068
172,22.18167594207754,42.38415330045288,110.43690219224234,16.32901894772811
173,16.427427337971306,43.751635552426954,105.1103551328275,16.233835969698703
174,24.484872193102373,66.7968552611028,100.08681730099046,35.86589658318133
175,,,,28.929664880859548
176,21.128490689057614,55.67106194002104,89.57996121985599,38.322328275524235
177,29.183373154297023,43.369897520593945,137.70764632029267,40.112600415172594
178,12.84358806180973,69.8127185933106,81.43974064623453,50.23793981148795
179,19.121090391167318,21.42891680847891,116.22776239834317,9.37386533618611
180,22.041358204510153,31.692137379229315,127.57342834607178,25.389570411444552
181,23.82349167332337,55.69565786351837,96.46756492079194,32.60289114651412
182,13.793830463195636,76.25916126846403,77.74045377723672,52.08432739103108
183,12.32104865712491,46.623497003618446,123.1105917856471,22.972298409655174
184,25.453746759952132,37.36443791408985,104.0679062010051,18.974921650896547
185,16.39792571598081,65.00994057737516,116.26632145203487,30.277418613190253
186,16.188587460013423,54.85547663022349,97.81090802325365,30.230433142379752
187,27.75124836386083,69.35320717991365,134.63849364644796,49.84334103447959
188,20.348511573659113,30.644733728834872,57.659838955873035,18.14269387014949
189,20.38119113840787,68.17502729016388,107.52355102567469,32.76286321902236
190,19.10100277424234,26.773138148475926,126.83498967503195,17.85756088811001
191,13.88008966628415,45.67741780767699,102.10678089658792,19.334374292105792
192,23.37848474697194,56.1917412923589,106.04717386033823,28.213633871280674
193,22.047252609628117,52.79020067298641,91.31976374865984,34.59652173892093
194,20.84345662669716,65.90888503973551,100.41377015733235,34.4823660649556
195,19.41838480361871,22.600099744861648,66.5628677372739,20.787770019502034
196,18.538401753308566,52.11511219548555,85.63137334760617,39.86995475028041
197,24.562416947737074,67.99463049175921,84.26489745795544,49.84960164579112
198,19.293534683969526,50.889413406081445,113.38247982058596,23.306512534534196
199,,,,22.926424500385913
200,22.649465774418868,65.1126109223998,89.1504890012036,42.403906386653375
201,21.03980465340193,40.27534594784456,92.4415327942972,31.175082742984703
202,28.21138028770219,37.63515481905682,85.02710594969365,39.450241763973835
203,11.193166112633477,35.7479637067474,105.38044538523394,12.249628552612926
204,21.499537191836314,47.01972330576556,107.55262938865819,23.677615701036277
205,16.471971097639155,52.74590330559306,116.5003715944352,21.837243585603705
206,15.289567326225352,30.96349917945381,113.05500164575885,9.481886229349632
207,17.714678969778262,34.04531184905084,111.05515489969402,15.312409129563434
208,20.273397042408806,39.58275686206673,93.42063332005112,28.307814028763246
209,20.49534537961705,35.675170281700396,92.13792499324242,29.2932790528743
210,,,,25.90657031023168
211,,,,22.94436661908512
212,21.406107757382294,53.358107153998894,103.8852281935852,25.334704915456356
213,15.615347746081728,53.37997833121704,85.61167918439838,41.38052803043233
214,14.426080476417424,75.06487572932916,129.3664826671192,45.21353441133802
215,8.719338462535278,56.35525399440733,99.24998353851014,25.424372098110357
216,16.684032758123205,61.75946371833871,130.0278021431908,41.07953155506763
217,14.251854005245931,43.78076375334541,111.43534109142334,15.156186543318357
218,15.08033558444971,64.16009213992237,84.45527131056576,45.49594603881126
219,,,,25.096461701456583
220,17.00085561728551,56.171724913828854,66.53095317764567,35.82060552968763
221,14.16881053070347,29.42949697726426,103.80850710130571,12.757537111082314
222,,,,26.261434650015218
223,21.511556525738214,35.369296472459936,77.73083983569478,33.39806971793121
224,23.764136069042365,64.04053481725862,130.44293517096094,43.71894375951751
225,18.016275105028132,63.138146929981765,120.61175481968576,31.591622736809875
226,18.671121517728615,43.00058918661361,120.06077957524926,20.509994468455396
227,20.014052578430615,80.7436239293681,115.64222553301889,34.55319194424945
228,27.89391788306126,45.711825557097875,75.30221911748434,39.73689294498693
229,12.161461030871145,25.819716489912093,91.99041014386324,17.548488282333533
230,17.927551370637154,38.3132304445598,93.20992717060226,25.80065230614931
231,11.390135179336403,34.337884664632234,65.80525851802138,24.397165387476235
232,21.811592293677794,55.69403152679382,88.85997810312021,37.91701745033772
233,19.280208031059942,31.469554599913213,89.07804048765912,27.20835212905974
234,21.014960564680386,41.911789762906324,102.51997894989924,17.987368256391182
235,20.765612812955382,54.71828255805155,150.64775200476686,39.33573546712375
236,,,,23.764620570792
237,22.69066482284233,49.81034281487331,102.53028909139334,25.83721962613923
238,24.152539788300437,51.89000778566101,94.99579454471716,32.6769944539359
239,14.67232655051528,44.442498537385184,114.7542576010749,17.53197638336523
240,25.96585432487572,25.943719165005042,78.52165582708446,29.511099869528994
241,16.388186302555003,44.04742668883033,137.9207499030788,35.692930130003866
242,16.675652286880098,57.03124676472928,97.51681585066362,33.96531892145848
243,21.354212886764973,47.94597517085894,92.09620333937872,31.512097443445697
244,21.509591315246382,55.87232559695751,119.400741473276,29.486372349538836
245,14.640715988837607,41.19825455735772,82.18154815910293,34.11023518114583
246,19.133603541130515,64.91504119816894,114.38501966110667,30.064244553366716
247,27.44117658434738,11.655231987929994,128.1034011119072,18.149485380541346
248,12.658317192329525,52.12160769385032,95.17314455193981,28.22629715884928
249,27.42609620506363,70.23320520681918,141.05683226159744,54.75902260564186
250,18.791507742917553,72.46547774062194,112.88583052522509,37.809678382715006
251,8.311225832824235,46.52260746136287,113.13388519328859,17.390544272846284
252,13.166341332585468,30.10702766535674,127.3173067037198,23.876654023612886
253,15.182612311324032,70.49709263515038,132.61469909272748,47.17003901318591
254,16.88035349608629,49.22202249791659,105.2367797281276,18.904115346161923
255,19.47643370687331,47.61545691095179,115.93810882753876,21.938746317870468
256,6.482599351192139,36.60718038683404,127.92682986321856,21.831457027252394
257,20.934021962388268,31.251687787126137,76.76377847277126,30.55686769653143
258,14.724547458375579,58.457947533865315,65.40995200734704,36.05080198477134
259,26.952612858005292,60.04807182137991,98.8489215918819,33.35981529214543
260,18.649116396280128,53.02316002699132,64.93017285161241,32.06942078255417
261,24.714230858663647,38.53931327609236,93.72009807384096,32.628285746758095
262,,,,26.585200601058062
263,25.41636621733108,28.516270171701606,94.48722467889746,22.132403251424538
264,17.16796628518757,41.5918223588304,97.16813903792618,23.247035677023153
265,17.103999211393383,34.91219652876554,79.96666972758149,34.89037232586099
266,18.875133503558423,24.36035457063432,115.76287087941888,13.633140003179815
267,23.18118687689463,59.77017518529573,78.7307326575532,48.20779200307598
268,17.446523651229185,30.21404207772549,57.941965378899326,15.886029487682311
269,19.40368763204876,64.75884022146101,95.85322454933561,39.547257319646775
270,21.36796908169725,55.91107565170196,118.30039849839912,27.934909400135155
271,15.475540369760667,54.41511781427599,101.59661583765953,26.015842446747563
272,15.159458558354412,74.97963569090138,76.7040596983953,53.871649804313996
273,19.20868059298005,30.712960489032127,102.03901934812673,13.319562439542105
274,19.87089407475821,63.10657994073194,108.766074095367,23.4335715648722
275,22.169427400008214,45.535361404678554,101.80633383037852,21.68923449620196
276,,,,26.51546063087244
277,14.504685897141757,44.288083532911855,109.72077363285497,17.903309731281453
278,,,,27.654798990938872
279,15.14623856218449,56.383036622858995,82.12089218474839,41.3073457790039
280,27.06223700795711,46.86637201687041,73.8958380438938,43.65462190152423
281,,,,25.33959443301759
282,20.080646476225105,35.44584824096244,114.24063441976776,15.859998994270626
283,20.288871820067563,71.87306732581105,103.70250068628036,35.722686952817064
284,16.421649931411803,32.548075521500124,70.98756693294384,25.718375240987616
285,27.821347594730153,53.3463134057075,114.88295577896238,24.19927776111681
286,22.05513327409364,65.84276209439143,127.73080269983632,39.514147182317274
287,20.197952648889746,66.56742478163949,111.42989472927124,31.59599211260154
288,14.47371789424717,40.9752139672784,99.29645166992886,19.38189694508513
289,14.190337541718776,46.90722799061356,112.6343606370123,22.122488961729857
290,,,,24.976210721898187
291,16.50004103214085,26.974718560011876,118.52152467279477,8.944355448344567
292,14.662778272267241,58.06276074530173,118.07371283585906,25.20342104072735
293,,,,25.204211498552322
294,18.917859858620552,71.60877620902818,86.7871723423178,49.297637351969115
295,20.70892710230135,37.651923540478656,92.00354118627645,25.29441134323382
296,17.480402643128684,66.33044837926543,110.71700670009868,29.575268665805716
297,,,,26.640544286205582
298,15.135395570043766,50.70607530211831,84.98940763692353,36.60300449721504
299,26.064863646130938,17.437076437494966,99.98093257493586,15.052109441015979
300,,,,23.904140725412557
301,21.81591149145635,76.78806686456176,102.70216134268126,35.456432033084354
302,22.597731648871978,54.455836572378644,94.47564007999145,30.720951996264468
303,19.393622620821656,60.40099558807829,106.4086358589353,29.082395908745912
304,28.839145292025893,48.66250127547548,101.68078418099735,26.261544793446284
305,22.508594965138496,46.64835635205307,61.32725917980644,27.61926121221472
306,29.21451524152325,21.989831469507408,113.93518286038318,7.592396522171146
307,16.744679990425638,61.9210882558296,108.14916879894218,25.368188430101544
308,,,,29.73234954746589
309,22.637685793400074,35.73706571799968,121.24713401445841,16.096481133206947
310,18.692671813403987,47.31717317737539,124.25998728500396,26.603957807518473
311,28.42832712446009,45.29388083968564,115.97537322947103,26.518750374770413
312,21.70850191815469,56.302299409794294,82.99398367928931,46.185958380579756
313,,,,23.828207435551107
314,11.315917957279872,63.97011384774504,122.34671080003967,32.53051859393136
315,19.608807038283675,51.069864741867335,62.455521461096005,31.96720650506007
316,19.554384352333834,11.758654166229533,97.02304969675772,9.27353830847341
317,21.568829616541937,56.64080412788965,108.79651614062165,28.42706649063742
318,26.053452868779516,64.94526481386177,64.99184529104991,43.111412057123225
319,,,,27.240491354039744
320,,,,25.3326563103049
321,13.530902990977893,77.44939504631316,70.28847859793049,45.50377775523971
322,13.829394324954649,51.68099562767358,133.16340413388318,34.420657224592944
323,16.315991473393108,67.12443296494234,79.80339847802179,46.40753239746646
324,18.166342259804903,43.367675446452196,111.4947249295406,16.753358424593184
325,21.525310694825833,49.730535673142654,98.32807143282734,31.51167875028553
326,15.995162015520101,46.93068068110482,101.39031247400902,22.43817791343907
327,21.40195985556657,44.19319360478665,74.33009728651686,37.43253060061469
328,,,,27.446574764424966
329,,,,22.065691421110174
330,14.356885014936525,45.036797984250555,132.4168035380631,32.097465181183665
331,22.33913362617979,70.06709683140177,74.85165558841946,49.788179371645235
332,30.406348143833615,35.5446491472225,96.37530732242612,25.57879811350011
333,21.229484134564522,34.00800092790034,104.19058479404414,16.78084839474887
334,5.234624496743653,50.918185570921324,101.20766294589849,21.56100903762259
335,26.204397860234515,51.667747150358664,113.3357068934484,25.235616430427175
336,16.486261116503066,55.66197078580979,96.12162916152249,30.191742816791688
337,31.328563452478463,48.29392140223042,142.44052092601373,44.129981636773074
338,20.5818172568298,51.077962466875,100.7968464437636,23.942998305874497
339,11.576496530070873,44.73672839556501,42.31691128475332,18.32286649337902
340,9.676512550206237,30.863057670500538,101.68402016678743,10.563679299545875
341,27.698703813379392,48.92912197534024,125.22927969732366,30.096863198107997
342,25.529524929586362,60.86895494663696,81.53387796298932,47.72409194087303
343,31.130094428833452,57.725819395285015,80.26489621657527,44.22727930203484
344,20.054622427867777,23.83636809591069,83.1922058732082,29.820454799915055
345,19.7173505831016,53.77888044963624,78.47046380045742,44.39860290580063
346,18.086406039207212,36.60845711214246,90.41196572588012,28.146529989125955
347,,,,21.722089281324166
348,18.03785222771092,54.894046743925706,130.5266545682539,36.131533504080295
349,21.087316661620147,63.4442594019591,51.51499352125599,29.078139239937634
350,15.780496065439491,50.31752216622289,92.43090692845085,31.173593617756616
351,11.653553265630082,49.00917501653784,106.05395988753466,15.375110976925729
352,20.79938317007089,72.4376737647987,104.05356726770381,31.517597651448842
353,15.66902200653284,64.59161594937524,137.99879333245778,45.86688322498338
354,3.8028113752996546,51.76787978371322,59.78612180835866,21.459344750023085
355,22.762836953285053,47.00500360793903,48.21872130623001,23.134000496889286
356,14.459704809414859,24.392379117036953,141.24425048076512,27.522365951941627
357,23.308947273453676,54.8685130231121,115.06867386494673,24.09888730825581
358,23.189240532579905,48.10844046020428,88.5725682609418,38.7247363837034
359,21.417950057614163,58.30934070623414,103.4319754613591,29.56903674971762
360,32.48408920178248,62.867282623021794,104.86435245122132,33.02513994457848
361,19.30974075013811,68.4938164257087,88.08958419328042,45.73693505238615
362,18.57180216250706,55.05489366341607,102.83556741382868,24.931587577056654
363,23.418362107084587,34.30459302307692,107.09626749320239,13.503979583563508
364,19.722763189431035,17.760296736228,140.3106052272565,22.067153421320832
365,25.802467686970047,37.629502094648124,119.26902444571083,23.644461081918784
366,13.655970462122388,70.00232749257601,134.7864628048415,45.96591219350773
367,13.7391277626783,77.35237203949161,73.12857032654212,51.42562497883994
368,23.829047456631088,46.431488723462365,93.05605480764285,29.732868860085105
369,14.175945303306982,28.08561118576473,104.8449396786325,9.05452204100575
370,23.04549303221357,40.2737963749574,61.577984937340744,31.50151575041485
371,,,,23.517462964623213
372,,,,27.866650321196772
373,21.83585080116717,58.83685921501271,92.65682960092272,37.497820828253836
374,13.827037771078803,52.52837451947053,96.3333131299843,29.701727358392574
375,15.000500368681497,60.65004888555581,125.07733777647496,36.728302655600245
376,18.81406130793967,77.27016498420556,84.0912410472607,53.32208922966126
377,20.394639095361104,58.84672213301508,125.88370699324574,35.058321585566496
378,18.48180731506071,52.20374414956894,94.95922526827424,30.5633866698314
379,22.165579819365554,78.92560348713378,115.11992105553833,37.11168349580292
380,21.942332075241456,55.24328152437592,101.73528411157974,31.12584203286164
381,27.64683404174072,38.105787540025986,144.66387693302372,33.84163808926695
382,19.523573264274976,60.31197934654228,82.25215219784948,41.79041326373261
383,,,,21.561352937718134
384,24.603627564469466,45.381464865941005,69.87749044622338,34.760972887910704
385,31.46988641646574,42.2362092130059,78.06485665941358,41.947959471172865
386,19.36370990048863,45.52610769027638,114.26256215389033,21.008192774580493
387,17.89820639273506,42.02165963747365,132.00327277730122,31.088658762405977
388,26.288471111218666,46.013602719306625,116.52961740720554,22.920446336036054
389,21.92716285870631,37.358050966372076,99.89217000546267,17.675157558772778
390,26.408296083919495,55.79232032239724,82.12770996687892,43.13477055206778
391,23.5839939899475,54.66801970938229,117.968373432543,28.610940798055626
392,9.466189543002521,55.178026658442036,81.02796189628324,42.21628855904807
393,21.881608885155913,49.06445990845019,73.02096531388482,38.65845185917175
394,21.556079489757447,47.33505115962407,93.83061333580191,33.82142495334387
395,20.665534512319816,71.63008696480273,59.321187662230074,40.506919616544565
396,19.338784729383086,51.01108830256704,72.37230250895502,42.648248468234414
397,12.039282361028361,68.95650269083215,137.7198067176564,46.82873247786438
398,24.370884586191615,35.0537602525053,68.66383151083195,33.38647806455726
399,21.86884214046747,58.837667513020676,76.23703237908377,50.07460057088995
400,25.50978348698712,38.979454450099766,101.43665815413328,19.732145733355058
401,12.306222378623735,41.65772107559998,102.4780776006003,16.88029453411856
402,22.53567244772634,43.821412401086725,95.30751405242292,25.71821890697622
403,18.826703312267185,42.881015470943325,59.9325250221777,21.94121018457498
404,20.718940049627648,42.95593015277224,116.96978655275579,17.789177260406813
405,18.884201829095545,68.25912634835848,91.13893200484007,41.23090249787849
406,22.71803963740065,50.681167596764595,124.40899044349803,31.454045545887197
407,19.1856343950421,53.37583083814414,87.10364756942306,37.45694883898335
408,14.740425374721553,43.142600546728254,119.64988678281154,20.823928045628506
409,20.432127093930955,62.85408955577163,125.92166898158871,38.344307437250365
410,18.929127314322496,55.325844173583796,90.6611544849236,35.911633173836805
411,19.58303189435558,45.36607033475393,117.60900388211294,21.22110570333697
412,,,,23.913633986741043
413,23.413180417843527,53.24444687602806,105.27378974138988,24.100856480017946
414,18.426681913266094,58.63519283803188,124.44455416709678,32.01174093065473
415,13.259232129908671,35.317282425149806,110.36985691928247,11.813193527866353
416,24.61281758424071,45.56908071951256,148.12447845706478,36.77260774242817
417,23.181828638764653,58.05740752191434,111.48715984582311,23.768153504077706
418,18.363399018625717,26.43607914317349,92.69457494784999,21.460884209333695
419,14.239153102399907,40.26721724885165,156.81772786002995,25.921811836312674
420,20.890153673396863,55.65363412439602,132.674020346951,42.76732241765742
421,20.615530422938047,66.57527658277415,67.94184876403207,42.31399638315225
422,24.62167141495891,82.78669718406752,84.31672790143371,56.19525261296968
423,17.78132242569755,79.37982152550636,79.23683785917353,55.46101618410247
424,25.97461067432498,52.156542234740144,112.9125920901811,23.300546726548124
425,17.298734983321165,42.736596777770714,111.42316073633577,17.807215550416597
426,13.27084107728789,63.84683401656329,111.26903864790998,26.986648519111842
427,14.338586222613595,41.84610614414514,67.40181081002098,30.59576128371677
428,19.687942304321922,38.56857072581523,87.23816906789901,34.55952696325895
429,19.672427454706337,45.421009214523494,97.01429490552711,27.16902659476317
430,21.63930570375388,43.539900497343396,63.56158901358556,29.298612638634257
431,19.548129844407793,56.18945934598813,82.56344466884218,42.77348058565472
432,24.886592580321647,40.963975667984585,127.12867420331465,29.159971048180996
433,18.69452950768712,51.276830859467225,68.91848004060823,34.83606227760429
434,10.01861867564292,73.9243017710798,129.10520987436962,39.81028603670577
435,19.394516557671032,51.832110711110715,121.82298185071005,28.914929536061905
436,9.966106561167594,72.75113432182667,94.18525560391038,41.875188600803924
437,,,,24.309228925508194
438,25.28596499492458,58.88060355050949,116.63655244290601,32.3501603834906
439,15.068877568587403,44.68770815092219,84.24519678208739,34.927597553896476
440,,,,21.06191480988765
441,24.214156223642156,46.25037622042889,99.52263191990544,27.192313637791806
442,26.032400777075274,49.96985517459559,57.395328084261635,26.66341799492732
443,20.947819282173157,54.952980112483914,71.00048803196587,43.0684176691668
444,15.036174121240897,49.91948791409777,93.68677501997034,27.47625158823098
445,23.904077139070687,39.19598422384195,109.51392064425198,17.603062334509694
446,16.8769954661583,27.09351627525696,83.96852123842643,25.57122788640519
447,20.589422530516774,64.38699395488219,96.04779043956636,36.98282707859414
448,19.143245035981906,58.55513190209541,67.73081183724736,41.259092991738655
449,25.62347928398448,24.190835112554872,118.6496770454064,14.398362768665043
450,23.651635029616646,38.79818975694715,104.40164659121963,18.13647587333974
451,19.597171008438146,52.685981439100765,106.17091805278434,20.172959365145104
452,,,,26.4301471332172
453,16.823862667353993,27.223195115493624,101.5625500698957,14.041921591996847
454,23.521111447422086,48.661420001863675,90.32454482852002,33.12441331417723
455,21.400551305232923,58.09481892880947,122.59309097440617,30.65292735389917
456,12.483890327935693,44.727322971510795,103.13762295521546,20.491622551096263
457,10.967060137655555,53.837444726515905,96.68561142653151,27.37820063104025
458,20.977545750787282,42.68672176933285,99.82690692158992,20.602232004088172
459,14.71471416142112,63.637945275492825,99.4006986702252,31.850606993851937
460,15.196017695812115,38.01071429200593,96.48468792149376,20.06881366436904
461,23.36303864391327,32.8688264135843,108.92212725015816,13.818779584615903
462,26.011193902078368,50.43390296092326,81.28279555755263,41.8200523854542
463,16.246489864818507,28.497110415672566,82.74417928519384,27.596590024641547
464,19.77619846193913,18.423332179058146,111.18527378857272,7.4408125330579615
465,19.628766670078196,66.2560294708102,97.09521318544408,31.27048385280866
466,19.178979476517416,35.23663277658772,119.42786204286192,18.64202478147847
467,20.20299238078149,29.99522626124281,108.17758001263728,13.1070894410968
468,23.78249463920078,37.823618345755875,88.94744179847535,29.858194155628986
469,16.63037826635202,37.15024052883807,111.50192726257349,15.559060809816541
470,12.373612327419668,47.86832808254684,123.94381915917872,24.016779364683533
471,28.450049668018803,33.5976989947105,108.93959112242507,14.065481116449158
472,25.447109622450252,57.472792133842326,113.31169886133593,25.378051589593536
473,14.481810643753011,59.69351196736573,96.56458298793194,33.79775060821377
474,20.678160043879767,30.87512824076697,119.86079765761005,12.668444784230523
475,25.05351082293055,40.728550655774185,88.38619170140713,36.69227411802446
476,23.745219722630196,42.154141399421206,106.77086051481032,18.0936606485554
477,22.310066549646425,47.52488957950487,151.39012304871866,37.07277473056997
478,19.148865542041282,66.24025275475523,110.7776211205132,29.955957067865906
479,28.636519625309788,67.10470122503912,91.58577538816263,45.076446050413935
480,21.1042943622973,87.4830107924868,91.53415516617201,51.55186430941516
481,17.425203703396548,15.959391062687324,98.57316605419311,11.500231791401953
482,24.355378644227976,36.135564152725564,117.02491563458821,16.741016207572162
483,20.480293209757104,77.21013771612476,102.91555018334765,35.6641921844912
484,21.748988636268113,22.989495233347476,87.02944373523206,26.38248541616488
485,21.015746007956036,76.8689759625606,86.9940601442262,51.66484900686135
486,22.483877868834547,52.21026909714867,103.0409866204596,27.862882207998037
487,15.107718733003965,52.761991595338166,100.84789973477582,24.65671381590573
488,12.74446806414996,30.803030208207943,109.09952338238043,7.959737980588711
489,27.17066361616792,43.23255169993555,118.34979791569789,23.63790792868402
490,21.247922808945845,76.21064539564858,154.54719404818997,46.08992194185411
491,23.854236387042896,49.2847529713816,70.75932966464799,37.677647535692834
492,11.201203899111869,43.332514576846926,113.73724254572882,17.396902234897965
493,25.333415543572514,56.08578794568854,101.96615416776581,32.33149685050106
494,,,,24.47653518827669
495,15.968909165954777,55.177267247096616,124.99061447303455,29.75724045807899
496,19.68313416184007,37.253880017601176,108.42346453163896,14.342131894827622
497,15.110098947287376,48.84271027087842,115.99612585640313,21.753500311646164
498,19.991341508871965,40.383856018389224,66.01162109804635,29.830743793895802
499,19.318308264927566,22.94050038957984,95.59166145003583,18.314365695225934
500,,,,26.299638448665068
501,27.566722510697346,31.493407376666667,143.26201885361223,31.63176187705595
502,27.407578964207914,47.528886048438466,122.89100691488763,28.26277134752069
503,8.677425103019418,63.89102368741867,86.38064433429076,38.86743385436781
504,15.324165850783574,27.53279815189355,69.26722198100796,26.653293775624483
505,8.625566180888189,59.07026145424403,103.8811013276751,19.92804520971582
506,14.032288627824846,45.50279814547006,121.8484400458872,20.671043548372566
507,16.752408945480845,35.50214898609404,65.29892789128141,24.19531686836017
508,22.052808076134717,80.34384933329102,81.3645065801366,57.519303705001256
509,17.4003338275373,49.99165556367747,77.88830581972083,39.15140531088098
510,17.53964964525677,41.47860665634889,117.33892331821174,17.87472303366272
511,20.908823415998818,38.29680616450398,92.60341822910975,26.36695536992988
512,11.453451773960946,63.21743702655044,93.4412695524499,36.1959552942461
513,15.807034235180682,40.819156603048825,103.49309361277935,14.727278940114113
514,,,,23.075104676017574
515,18.98799005684328,49.96280253315259,71.12626526544871,41.41518716541834
516,20.384769951127726,66.74282096650772,127.3937032472057,42.01302018596104
517,27.50324894866521,34.36190828775674,129.24971416959187,30.463137016854112
518,24.541680805405473,36.45405141355993,103.59164918926358,17.663238097312874
519,16.153449877540325,45.78492028954897,105.0431101133524,18.640558369269304
520,18.69335470274266,47.02900253712836,125.22027953160016,29.593488261492556
521,18.352804314539384,44.681644569544844,103.1330711320748,21.54043956488205
522,,,,26.661610121497105
523,,,,24.71633965247499
524,10.70110223514546,54.48582612231565,127.86337274334946,34.54596770940794
525,24.40357194003242,56.25458111075686,101.06643336857611,24.213504612217566
526,28.467753953576775,46.45351729880629,86.61234930692895,40.466511169844914
527,18.650797296640917,34.25261699722804,102.94004098570196,14.22943876090533
528,,,,26.076223664717062
529,20.785221236043355,61.5667662719308,110.72506989811397,25.74987266567977
530,25.09692988480105,69.58440142352013,111.05647896143219,29.7284104706524
531,18.378531415913788,64.93562630784058,83.4664464173314,47.47154515254014
532,24.669725830508682,27.353385602686828,115.40207133116914,9.521373777381854
533,22.442473362266213,45.6615848276943,100.56931878424578,22.855341419227504
534,31.80805722002345,27.966986527010114,85.76417665061089,29.403023232014828
535,18.35668992418852,67.53265336104079,115.24303427304066,30.288780222972584
536,10.119997761395831,43.81423407799501,90.92722302166473,29.797405431091747
537,12.835304396572429,49.293348265534505,68.51405302888894,32.89890095371213
538,20.059641187000786,57.200754020075024,79.98795237779356,45.142752676181885
539,25.13941047010376,91.49209879717849,96.36726133905835,52.662915850039276
540,16.73745429789638,54.0241240968429,111.56604564222557,20.948162060011494
541,18.84533775062335,46.425934432906224,82.71860095823817,36.82058112569806
542,23.42421368665788,31.3843681819454,95.18675079124931,24.52051397602408
543,,,,24.810681492557855
544,,,,25.98773635837742
545,14.161366561948697,74.85713697391549,134.34662227911105,50.31236273273854
546,25.89114046441281,66.58419669423085,132.18565048976643,44.732784284581435
547,27.708364058981836,43.05565846087293,119.29959100972276,22.375453770377064
548,12.1029250525347,29.115857287161436,117.25019914240524,11.484061060872557
549,,,,20.83482899866638
550,,,,24.54686353803682
551,21.993475918111187,50.59018763684458,90.07814752680184,34.21242600917293
552,17.553803835004526,65.73574410281506,117.60932722089802,33.14368466654697
553,12.269189401945507,25.196268265627495,49.24804248637343,7.195876100155369
554,25.76472275911432,53.969207661023205,103.85935405540357,28.89796488167576
555,21.802576074722488,61.39394286328605,95.71112432335195,35.70136730538183
556,12.635068061291221,62.12165842634094,122.36859865862809,31.387769876107278
557,25.949455269374955,29.546867432188655,130.95974107349477,27.000323182976835
558,11.997982191210651,56.29004704660946,81.42307965974463,40.325490604346435
559,18.897569229162944,68.05304872860039,82.3257912820637,54.35694721267996
560,18.676926483139354,55.14850697600114,104.60993242423427,26.186848923020502
561,28.091906644239174,48.264586908371946,134.67525383043085,38.26793038471811
562,18.694769040599237,67.09419410860166,101.20289354566032,38.02636416805832
563,18.676786568496375,39.58521784341755,74.41677169291339,33.747683095258935
564,13.18460827551153,27.052506376950948,87.88263107673414,24.067903657837267
565,16.79801160470697,46.99103277603603,104.05328328926923,22.106076491490608
566,15.913522695596788,58.02567787555998,104.80404857127913,22.008895298189387
567,16.173888169976536,65.5840514215465,85.91824728815253,43.38875070758335
568,20.031422624459367,57.95753861251898,87.48418612440756,44.544105660126476
569,7.829118070787038,62.537316030872866,80.36864010887203,43.00097186862075
570,12.448848772915511,65.6796714515594,122.82342367707591,35.76958294848988
571,,,,24.062521890820978
572,20.60627341551966,47.78091047138615,90.70411592163433,33.35217978184422
573,18.83283600678052,69.30751689724814,90.13494166952096,47.87198691504898
574,19.796027551075195,31.84764463653969,67.88085504969217,27.574856003864664
575,17.954416931723742,56.43699292283442,82.73169390364369,42.049324406050914
576,19.907476983851687,39.24936756624468,124.56275198573076,23.13146856227472
577,22.17071110131108,66.50392404846454,75.81424316418544,48.35028085635583
578,22.135668643438304,49.730967791372905,80.72715396347265,43.75103452479839
579,,,,26.500455389391508
580,24.575473697914752,75.93319831095029,98.18776879537478,39.20304798465726
581,20.785543472516597,33.8593583082703,137.7095344253258,32.6765984697196
582,26.161069781698846,53.23729209827904,97.34611556945856,31.284332437304126
583,27.164362156335407,47.298108033532685,101.3352425070878,25.921723271957376
584,12.78636639313377,57.986169740645465,84.09105528266022,40.12020403478252
585,,,,27.165069995412516
586,24.06774019985275,40.92137735112226,124.58100612695232,26.597746230725427
587,11.675537899355263,32.039034314689324,102.85818775276347,12.683839375612106
588,27.100884813466866,37.86008861476991,142.63540164124328,35.411184558811556
589,18.28058902593669,46.50772876668621,125.18959424611381,26.795480518116335
590,,,,30.28448099064747
591,,,,28.569618676967035
592,13.038052361081565,77.0399142676315,132.61846275247262,48.699517518160526
593,25.277723010659876,74.37258566982263,102.74651151710458,40.32365056697929
594,33.75361515268665,69.5441973360044,128.17843120543446,49.81196244285432
595,17.42495861822154,87.71657954926013,140.05814680253334,57.74921218195941
596,18.38820724577379,62.36147684993947,95.91561264351782,33.58722267320042
597,6.754502283664703,66.6253262526896,107.03910731870032,27.098698538650858
598,26.757514517280605,62.07155782840649,119.60008369132758,33.88433456821969
599,24.558826614210012,59.613579706906805,115.35000078045039,27.790390987760848
600,11.33308068972543,55.91594786274263,115.20981465841002,24.14915335730399
601,9.675572689765568,44.04714432627019,73.3305234564453,30.71484872004284
602,,,,25.19946182781858
603,23.225845626864093,48.0401904655683,90.09465958117624,32.54475590847045
604,23.724957098070412,58.48660549508095,124.28841606937351,32.577848442456414
605,,,,23.555929192808854
606,22.496300156913993,34.01996458821116,130.46453414357677,29.103973065235117
607,20.794385604955764,47.511754250249325,115.59668228157366,20.192985066703304
608,18.163651465728908,46.72995787125293,123.08460449445548,23.827253196536123
609,24.8509841334265,49.064680370468295,81.40933845510003,42.53324328550908
610,13.975321993859808,57.36373023389989,101.4460472538026,29.26741157679133
611,25.737696067969473,60.59387055365453,105.97885572262632,30.076359068746868
612,16.357392229928237,42.499228235381715,105.09934004045387,20.916666613276462
613,28.907683409835222,64.71681782018771,105.91314801693434,34.65513150426668
614,14.973469882592667,66.97457179502469,94.46947039209778,36.78279781140924
615,18.242139606999366,54.80452899572818,102.7041416212732,26.65529374350931
616,20.292935687711765,59.971254079296024,120.67127910130374,31.10263804254916
617,20.261592739112416,64.76347163692922,76.66975383118219,50.41006550067421
618,,,,24.785835657586528
619,13.571587908766613,65.82097002472693,119.63797912736895,29.736928919543555
620,19.813437958766826,38.1490869110307,80.69596214633333,37.53383763290087
621,20.690658532013604,39.60947545057432,107.67672086910643,16.90610135315641
622,,,,23.642399429495207
623,22.020293087297087,17.839398114879963,75.29413352228633,24.00621927878366
624,13.268150432561097,52.634304623386406,100.83956866753202,22.833076277865096
625,18.367730554746583,64.72671420433704,98.42969398329987,31.80909731590024
626,16.23407937798167,25.31114230330975,87.08838914986211,23.134026227092292
627,,,,25.71550119957608
628,27.235177299606015,39.51818572208818,87.9942684807442,33.911587154454075
629,27.332278630787002,53.102926707392015,127.48614137941473,35.68707704553623
630,26.3520823029061,41.696382394918075,87.4671135734518,38.01771575894915
631,17.688713599595744,58.593777261935685,115.83957880026317,22.26384676978501
632,24.538091384001035,65.37421334245646,66.89227224759671,44.6105676694518
633,20.56181063462902,59.70515546573746,96.76380392300078,33.24603984597375
634,20.227948517515042,49.940282757594495,100.24622314702718,23.453023411318917
635,19.613193261904154,42.86216995109862,96.11417898768939,26.188369246080764
636,28.792089286895624,48.96046955943331,92.07363405609217,34.83542281593294
637,,,,27.463605704541457
638,23.724482092235487,60.353995987593784,115.09081560029806,30.32020337881566
639,19.148495172446868,58.262398732641834,119.98915710190761,33.3131335443138
640,20.19780379127281,30.761336876644336,98.356782282867,16.479025510412225
641,22.65283302268867,49.65466312346885,78.06724983956721,44.40512657100267
642,17.391955440729888,40.49856553704272,135.87898662773654,31.664227418141643
643,24.69157857982252,59.97393529858742,82.40405134184239,46.43579707802567
644,15.393774442785467,38.52542369932105,70.81155483033706,30.10975429672401
645,21.959218439987026,56.780806371263374,59.7475616696046,33.14743676170216
646,8.55142225103685,45.76718358778206,101.9890379382532,19.61465721745134
647,17.24690736698935,21.81355725101388,95.65167228969527,12.880326012541412
648,30.388385664597216,63.964389288319964,120.61913298292679,37.5817704317187
649,25.180957471959555,49.620691672040635,112.22169126891094,21.859284424728738
650,27.67734224967262,69.13965943648537,105.80402449170076,32.08896743850306
651,16.66346166322809,25.020363819835442,94.57265609074501,17.160838346868573
652,20.51886418400218,45.62718033623756,122.19954544395333,22.62027143659968
653,,,,26.83207147209121
654,23.165474673526884,54.053094368574676,120.17958398259807,28.65161850619996
655,22.542829386791595,30.12219043764501,90.7293673830158,25.202720985203303
656,28.152909851650314,58.160567851606686,115.6313110776435,28.91965483446944
657,14.79772517193036,78.6749360942155,91.9582054906557,49.34010843833639
658,19.078809802772486,57.11806019698298,77.89865368280051,47.29988097982758
659,11.229572186653229,51.39308602735268,82.01921875756109,41.16770691879528
660,14.524469740321994,29.338138894619398,92.8364319172451,20.262993991072985
661,,,,22.738208947133792
662,15.413253669039383,49.162326487658405,141.21162305150918,39.17189974424332
663,,,,25.598259613568032
664,28.292425209840403,65.39384639406477,126.46976979382657,43.61506241707832
665,19.110309125040306,58.005548014529566,93.65480896614862,35.95085543479794
666,22.599317198999064,90.38567881470456,59.67230025109313,46.81239993008208
667,23.716560647714598,35.28712345363563,89.88547994139324,27.9129540026185
668,13.892524684667173,50.49671917087599,123.53393986335382,26.050141865675453
669,16.917738273494763,29.247614411985634,106.89339038658471,11.242481907480855
670,14.981693941640989,16.663388381145133,108.08902397327914,4.127123893541141
671,17.316384449584856,60.84081469179729,126.5700801768876,37.90972000178679
672,23.580553490405496,57.449230744510345,79.27327422128545,46.373967161753924
673,17.024016345288544,37.18114348031315,78.964991398155,29.570340294241507
674,19.824233865340915,51.395444293901356,54.72542781407152,20.945972496545735
675,14.787691915343823,40.56098601611683,117.5416414248557,17.17835763065248
676,26.13211082266851,42.58688817735086,111.24968467259207,19.41283070895709
677,17.274450048883313,45.195730808505886,114.47933039182227,21.29334536587429
678,27.61490275954977,36.55152233893583,76.33977551886439,36.47478787822231
679,,,,23.017560110394374
680,,,,26.293788387668407
681,19.14486626727188,56.34318270129996,81.54855455282592,43.431326770851186
682,14.686115862669178,8.386697360227785,131.07917817825708,12.94969812374237
683,22.946746886890764,46.58556107772796,120.00253447565004,21.584015508609944
684,18.693186088365668,33.6847718519349,90.83558718759359,25.967078669465778
685,20.816051275136772,34.22670970662079,105.9850398651997,14.593826876924595
686,18.153234449767186,42.115199388744124,86.43275507704523,31.554744813525044
687,17.223288480683372,49.784904350402634,107.28559521563314,21.90252573023023
688,,,,26.279052369415634
689,24.181114684107648,34.03909235302694,115.00502891947862,15.619615607271005
690,19.13423449100151,60.82544777668365,83.00593404831214,45.19559688979513
691,18.42654553150808,36.46094019709264,116.11830057086314,17.49002648977498
692,19.0089305077892,38.97940616110823,91.45154183611317,28.68738355051487
693,,,,23.564947874216948
694,18.443242866119874,54.805528464391124,132.25993434499313,38.668628916920284
695,21.02814907346744,40.82450508300532,103.5389236978753,19.823494165156518
696,14.829315004716175,5.957569548512652,93.55637257902885,4.05379371606084
697,15.553240034603961,36.71763670118227,115.16356616702528,12.48743636001584
698,26.891420468113367,52.42832279360385,73.2001786085023,44.253827652953916
699,18.18621733600222,60.329120805350456,122.13727178520718,34.58438303174415
700,17.24219595537995,48.8105501370733,97.21110587183101,28.69988482176273
701,13.280641972203622,42.81520929386577,112.01575431336875,17.38981692400763
702,24.253388187371197,84.39816508548986,69.04253077953828,55.553625372028314
703,14.720370932445784,44.41270817741968,92.35148083734009,26.449612746368537
704,19.92353669519271,59.183490301866584,100.09160278690968,29.65871631026128
705,11.459074653417048,29.97421856859656,120.60598427237056,9.593462634335838
706,24.090864001820584,33.64748226186549,113.60822127874965,17.31195984337699
707,25.8842812180929,59.70988417193337,92.15045924765167,38.06797899937716
708,22.422601727390077,65.66841913678056,106.35895514646762,29.13419921242028
709,12.327599342973517,44.15424664709894,125.13138203453963,27.360568493931876
710,24.193810719546153,22.27046462554219,96.00023033154879,13.42062699796959
711,15.863255001798237,47.486639908981616,93.82270079129385,26.548442021041804
712,14.145140606391937,52.84108851169342,62.20590714494175,30.57449186984447
713,18.082694771211735,51.48227058393237,94.4185532931438,32.03593916853407
714,17.983161633267553,41.54915502558492,65.20745922630957,28.37944895936266
715,,,,24.891292546241854
716,26.36837123952347,38.75334733573841,119.76270286485494,24.259497081274592
717,30.059129982213133,33.3224266439471,57.60721049906369,21.961417639386088
718,13.154317313252676,61.335027809702076,124.6841764924158,34.63818496121836
719,16.55583802837705,51.46697470104066,93.39553746687604,33.10274259724611
720,20.713741680224782,47.73974662066505,99.45670265746789,24.506272271977778
721,18.056417545313863,42.39278385841758,89.95160439722916,35.124879637858044
722,21.99699374639258,47.2973966519738,65.73526234902681,28.495522417067672
723,24.579926779728975,52.404746431804945,84.3402165140752,44.856600485401195
724,23.746829711350205,75.9302236372146,141.9482013689897,56.876760917528586
725,23.04866783924916,59.81805274740716,78.07909007493097,47.309591671309285
726,28.295477604598616,40.00536317076371,68.22915276548899,33.7904264349181
727,12.055263585419453,40.16354385941464,102.82582054814206,15.823163955397385
728,27.400543959773078,37.824783495131065,98.28446969655367,25.41149116543373
729,17.93504182955128,46.992192031205384,93.53340418408705,29.51064758040839
730,23.925626103378136,37.81322824638673,100.28895886704512,18.948169001956785
731,14.851668858602782,57.122356174844384,112.88405221392314,25.246339265678547
732,15.45751804053361,10.347256163029208,88.25672800429372,18.61945300566682
733,23.31058645741014,58.02752463912116,103.88820416565234,23.937567032637315
734,10.356349886250772,54.13066231708146,120.47749324260008,29.9295878351302
735,24.947210391441562,68.94113724721458,80.0942266649041,49.760702626419935
736,26.29981751170794,63.1518433183093,53.556373121227416,29.543753952906037
737,20.888924269144802,39.7445332211892,113.41616984191832,14.241941406759059
738,,,,24.97115687704292
739,15.83181927545774,47.47898784178549,99.8529069270237,20.613397705294656
740,23.37224701201834,20.985398638335948,104.03864402131913,6.887971782653995
741,,,,23.592358676946436
742,,,,25.24637012250235
743,18.04260024955904,50.003322745954996,98.44486134110267,26.809208925726068
744,19.203322876520982,74.77174745412866,96.2687167997013,43.622056368254285
745,18.035989017404066,53.37180354098238,118.21727628538406,27.75590271759913
746,13.185442933250126,34.73997723215005,90.31454075606356,27.207450131887114
747,23.49510154291948,64.46622508424305,74.30612597848291,47.87550867541026
748,18.782447720490527,55.43813855204658,117.64600759091388,22.485559668407014
749,20.07682387946655,32.97257256452137,88.16905584655709,24.493927270413426
750,17.108667063012867,25.90643348788016,80.49079944647974,29.93156276996505
751,22.37635736985995,35.33993661171919,142.00096317146375,36.05059046190692
752,20.993480921907018,62.54452701007583,96.42806393554577,34.173847328985154
753,26.06392194565209,45.47596799535431,109.88452164594666,17.675941700883794
754,,,,22.875156725775486
755,18.986577990814446,29.92205493835747,82.27361019259342,30.317389334464384
756,16.301415912487197,62.94828468526135,113.78867240043846,27.443307323038827
757,24.329763419583223,19.77224503463394,106.29157967573448,9.933941389407549
758,18.58711950606771,40.169337258984726,86.81240336720136,31.529056677225483
759,19.141412167018895,56.27695788670691,108.66380675712676,23.476169468933048
760,19.140141968536625,33.160528324409825,89.71379811739996,28.953178067773344
761,17.991961446714352,59.21193919175664,77.9100927978294,40.733547191509274
762,,,,25.60436466594772
763,29.63103781366289,31.608941107755395,105.40117241925958,15.044723540386382
764,14.760889729361539,69.29723096966711,92.34538140143111,42.39334590568848
765,,,,25.994671977836354
766,26.92162209077125,57.785541170744395,99.14083773324086,30.87650521951501
767,18.125978077524643,65.27314376829045,84.29593413092836,45.44828998073305
768,17.746893579625524,10.71051575748605,103.15635277287824,-1.700735570638888
769,25.17431928386717,59.52173959955479,74.11465356850788,47.84991876480905
770,12.899021913591245,38.58462223258479,98.31737518950595,19.683374956998293
771,24.10727214626703,40.560908138391284,106.38333552956551,20.941007645972004
772,20.22808214660772,56.561616164983796,103.91344615270611,25.321032786789328
773,22.324010654159885,44.55438839885821,126.05599861039516,31.19526044682943
774,22.23015477626063,58.91781613184781,151.950342516889,38.89541672780891
775,16.86008706758681,49.38735548725877,113.4279474268257,14.9389024408624
776,25.25591890074953,52.523135220260855,123.5759265557104,31.57666989558063
777,17.249311442609653,42.64667611977066,150.8692531931448,31.183564096891537
778,22.04424509499371,34.02600066262792,79.87548304367049,31.435563263699965
779,26.188622427645683,38.89523643878742,102.61254817550017,21.677546372102142
780,26.894508499232348,48.45763804280083,90.44006935826683,38.430028745128965
781,18.66436832029654,77.55857589161809,116.85315420522144,36.87533332411562
782,22.315676371205054,72.07859598670314,105.43237838953242,33.37467905654078
783,18.2025560489819,40.20056033210908,83.63135360192132,34.418036995362684
784,32.51898113634387,50.90386515998713,100.21895632694088,28.279162001058904
785,23.900630029369093,45.68415539080929,120.9384547931177,26.58609690659233
786,20.420292179184678,51.953999283035365,73.92550737949867,37.97850669138721
787,21.562810867288714,53.88369121314164,84.05310888722042,39.78282245602841
788,,,,23.386936469500064
789,22.18371770391741,6.482918272738871,106.5279311097382,1.5610499679518832
790,18.800008911767215,55.4974799883041,124.8103215922992,31.931413842301207
791,18.028363503824124,44.01618456175029,59.805310693879775,27.156833592117895
792,19.240733191367536,39.425931286525945,101.88797126957166,20.17351401996261
793,14.301541474763962,61.913850172431054,81.5155856544963,43.20569867374527
794,23.5913720348723,72.00236624607153,120.10805549659969,39.07129166641089
795,15.991474786755138,60.3350471606211,95.26063448857492,33.137427961929944
796,14.700249605076417,42.22172589183358,102.61347878154795,19.043805904559303
797,19.928227667179257,33.85991524791634,99.97326009595879,19.194215257191804
798,19.349386851550566,4.906333578354797,122.4843760637969,7.36137376833972
799,21.248172378944943,52.73773994872034,140.97263061595567,43.13940428609503
800,17.158973153017953,58.68524161691655,77.30669340237118,47.61462681126194
801,18.037287208845132,48.47204734852954,80.94887764010696,40.24106041527092
802,23.460597525442452,64.00619313256988,106.42995805109413,29.926525791782407
803,23.15608600247597,30.197146462512613,83.67195303396163,30.152081890181577
804,22.94762523088339,47.43141565317427,118.67167540800548,22.901297757765185
805,20.16983806175741,46.245485606181646,121.88234918168675,26.321576545668446
806,20.844613116661375,48.34836973615901,89.06847375507084,35.57991605090649
807,21.152194438552517,67.51897494430861,84.7292546671705,48.771713734230026
808,16.719791300955116,48.42736663851856,94.50441956694561,29.934500576732002
809,27.370233000730504,45.57811323841206,102.08036427926037,24.45740777624506
810,26.657940162438496,35.94959780284203,106.29674379790383,20.66075014880349
811,23.971227955004835,69.92869207132189,54.943658819016605,34.00456629787641
812,,,,25.83404546035308
813,22.695720589750753,41.70500850728881,91.91801302258833,29.514581815073
814,24.891849688848858,75.4090560064624,84.06021336506225,48.76370491193027
815,13.884015491394283,57.023649471073014,42.70580215294093,23.250286145233147
816,28.472558808492487,49.69735022448095,62.23255069290613,30.918504945384214
817,11.303061944221025,50.32538083289426,73.89282948831266,37.359530496848166
818,23.523029098545376,35.804330189632736,97.69431598293562,21.527561744272596
819,27.266411531262346,48.97209132713713,91.2759561303738,36.36495720989464
820,19.434682679864846,44.752012415063106,87.36861834942852,33.49533847728089
821,,,,24.159272940639788
822,23.338303963234615,27.40637921560537,115.92267329847523,13.83408462866756
823,29.25940945966936,55.967780116539785,102.99837306963748,27.46778042112339
824,18.594661810293168,65.24944512329463,102.40240565437317,27.245787056907886
825,16.095224040670274,46.9426531231914,82.86678898133177,37.6923368266182
826,17.88112272196004,59.706475899587105,85.26015338686943,45.18484369850044
827,,,,26.34781972340744
828,24.48878949357578,40.88389789750916,94.98497136443338,27.403029963242233
829,17.4295847364307,34.122114703143275,115.71482579422394,16.404243503081315
830,18.958304229672223,36.22417266919012,127.0865979354912,27.381707370725728
831,24.548105657095032,54.393388537320725,95.10440284189073,33.04372094683475
832,18.115448377950756,49.15782302022193,109.83337664019382,20.509338145607376
833,23.795451976941983,69.12639532822547,42.880215142776066,33.16976012693867
834,14.809557480918567,61.863051683058416,91.34143359203152,38.06649453380995
835,24.79359714161999,61.83177474690952,90.87275239733472,43.933778990829424
836,21.70952510632735,53.94621202568334,129.82336628450767,37.22242025178789
837,19.55710484590166,35.56701576017503,107.85866921842836,12.869162798258754
838,,,,19.786376257363358
839,13.566193526736317,50.95779747542334,108.84656621997985,18.013599634044837
840,20.540003719734848,32.924279171663784,100.90885464664443,13.814002208914943
841,19.291651073216983,68.14923887838067,130.6473066169826,44.56117946559922
842,13.702836947812182,66.53434062393728,53.89440904069854,27.076412226515405
843,16.64462286546728,32.837762833744094,102.92420817430836,15.001569095048044
844,19.35377371023741,40.433076423252075,122.59605703279126,25.219783924151393
845,16.963539075260794,41.75074670839285,62.172130936147035,25.242877874885032
846,7.939430474747915,59.147773156994226,116.75835707544604,22.213597157163868
847,25.381937698044332,57.42087770680995,84.77673517469367,45.01509892357612
848,19.289550624551673,50.666108191795345,102.19631857684082,27.76925656392534
849,8.630248953817274,54.10785920598688,84.39281238109146,41.14343162032085
850,30.674814698396975,30.685517053316996,119.18303353098045,15.696579006033767
851,26.206961656565944,55.72041922037679,94.23276237552868,32.85095288674242
852,18.255089744658324,48.48671936680894,116.91593712714423,18.646808949291948
853,15.787512543166494,39.81435226162115,108.70659672528683,12.44738789665854
854,22.01595605380261,27.012405891045216,84.12415031882323,29.0950369831771
855,21.011634074420705,50.40441734279528,110.03718380791051,20.392641972823448
856,22.710449624001868,55.35439844326715,86.72861883974535,39.64338883667721
857,15.801898633724758,24.462772974401187,101.28256187679948,12.581434815722897
858,25.488860104858166,50.27729105984645,93.86811277020401,34.22506543061869
859,17.63268938412225,51.83359627772743,117.99823732777547,20.860679073447333
860,,,,26.93290812053294
861,16.01530369771488,55.69757303592761,99.38556902790515,28.7507290297296
862,33.24071992876743,48.01006375584021,86.28576445688678,42.18081929420456
863,23.477616744826292,54.247565080045455,74.62017020338564,42.26772303615885
864,34.421161382868235,58.01370399312584,102.71312838581396,31.46870228043394
865,24.138009881630232,58.02210359225785,87.35418213696482,38.66744429693593
866,17.19267821565658,65.25230740169752,62.440076848523496,39.12625450163076
867,,,,22.971604749511037
868,24.502889090966082,42.84438888834769,132.51750611083435,33.36147553459779
869,21.86662072248881,40.283149328702045,86.8004723002111,31.711016785480123
870,23.151962360160283,34.05036870697066,121.64325555020802,23.658563784770234
871,23.80863564703838,52.26769464669359,92.86700545603438,33.315420724548886
872,15.031594946171293,69.81967571978785,124.79155270321627,40.43278870490078
873,14.675707976350239,44.623210910192746,123.34328034948756,24.366675263161035
874,16.028915006927832,56.744123715649394,83.48609146198686,40.323972855719646
875,20.63771197185255,38.71579993227259,60.2404866638479,20.96595230613416
876,18.8841441426329,52.92207372740952,61.93359045939359,29.971512809029072
877,15.122147170385258,68.8902069211166,83.82676992088587,47.46748355823793
878,23.876571052598234,60.29371959997914,137.79268851115083,47.879657372999354
879,21.415224100682398,26.437819502912646,91.78875850154921,21.135807594196375
880,,,,23.95263528855303
881,18.710053474130323,59.24338668190328,126.0667373240678,33.875321172690334
882,18.108859488172136,52.602304598406334,102.20642726223376,22.20103666260715
883,15.793344190955118,60.012831690535116,101.5178207704155,25.542695165098582
884,,,,26.94551660799287
885,16.482535591734067,50.948947322061294,105.77939511019974,20.22104786967269
886,21.046952333464084,66.65260911407152,98.01065789993031,35.085132858654156
887,28.310051981360168,65.29924225199551,85.57101313605115,47.43769871319867
888,18.338711276553248,58.22067461008957,101.56977781730913,27.293165404248978
889,24.803510703595972,36.75507164748676,121.88799594166281,22.874100685674783
890,22.843545080178366,34.39304344071083,135.64009173997442,31.477751083395102
891,21.557337816305267,51.718155116650316,105.84553283137821,23.520625048350492
892,22.151742209523764,52.71161358088761,115.10322270191946,27.13357821231779
893,19.525467153645348,48.49442341584115,105.39461414325623,19.48780975975072
894,20.173879843967203,37.92822532705021,98.25341271192795,20.237968839185978
895,17.259430258871376,56.554416130855905,110.28514157225369,24.742582366455093
896,20.207285605670446,51.65248023041812,123.78665668624969,33.0169716656678
897,17.073870021082513,54.3473647482571,82.2727632796171,39.12253157836167
898,25.028275465382986,58.901506394361654,70.97206595374182,40.82816761387386
899,11.50251285660778,45.89525318482981,89.33983500727068,31.110434925411685
900,,,,24.76170497817006
901,21.6829335071114,66.61347984962934,117.39743235242463,33.85544778407806
902,,,,26.064579465355695
903,,,,24.90153232036512
904,18.569382049785265,68.5137172314121,89.81102686657968,46.21872084967462
905,21.27716922286025,41.7946362348551,96.12171548683528,24.05544608785475
906,11.417290559067736,48.5207353453916,76.75453033177124,37.949776941033335
907,17.923415589323884,43.82045196330458,84.87818142365376,32.91344928542658
908,24.27868215587612,23.251677780743037,117.34566820173995,11.433711915503455
909,13.30419132231759,48.15038521992805,101.56240139192198,18.46460173282217
910,20.798716835253725,34.84067354632178,106.91244237218635,11.887785531755922
911,16.612414640581015,53.818706489653415,92.88635536778905,36.669203835830636
912,19.445065141141324,66.58457765061668,84.91779178083348,43.51082431225805
913,16.911612556192015,16.787394002395175,92.74203541151712,14.533938150153357
914,13.764021978532847,43.8962452399958,109.97760388359384,17.731783354181005
915,21.930016574799005,56.784848494474716,70.17359577317566,46.11388413594314
916,19.75201618987627,17.249766223553337,133.00340519664022,21.60286449298095
917,23.063145598435995,70.04398040633347,111.49716991364807,32.52793896324729
918,23.972189539994304,55.69838055205225,89.2823979141857,39.88406419834338
919,26.126293685445074,66.24819232897852,116.26814235773001,35.00348929596637
920,20.667433727213325,41.54078205332856,124.44698134146216,26.6203033564573
921,26.34310512301604,43.350188445857135,93.39323900795124,29.281351133298873
922,15.121127463045228,47.585954678013955,95.66830420469877,29.144586983523975
923,24.544799146140654,82.0731357132731,129.8694842694601,51.55850596122178
924,22.29695208163927,69.771580407456,142.37950293836195,48.327140140286346
925,,,,21.77880968924251
926,22.223661170815586,53.81602657476176,76.8357130582205,43.02812798237357
927,15.196305608322689,59.523557173773995,90.58795690150883,38.105420245444044
928,14.016265950374887,85.87332231487188,120.66031488938401,44.25556827278946
929,28.549140930384993,55.74079689585576,79.39569407972411,47.68016956799799
930,19.15638910901365,50.68939094178155,95.83433600481962,29.67140535509403
931,19.085032890966495,44.92102405077518,105.85169762863259,21.039447870913786
932,14.488452628793542,53.523728712791616,81.54570627184665,40.68549859860732
933,12.591108472515815,41.19467272473186,121.92869123752153,18.14491939897827
934,19.55840560593859,57.44138507115309,113.8793503040875,22.331220010371506
935,18.29206039245636,28.511050553126882,140.19091819050584,32.230891087901576
936,20.008671783712256,46.09249115890501,115.62921791715544,16.125093696173025
937,20.435769701910875,61.019492820910045,80.78220728867923,45.988631885923425
938,32.44730540630347,55.53685481506031,110.60738121818383,33.48743013143536
939,,,,25.887925660734666
940,27.899700539717234,46.51963234375042,120.78957628250693,26.529223607923146
941,28.210121075224727,65.53002030038317,84.46315704218527,46.15552165082844
942,23.768121426359922,31.843974559648682,82.07324595289049,35.669376563536396
943,18.82436833725444,31.931095281330048,77.20725761781978,33.95185954961079
944,13.192638319336353,36.05549071733754,132.09463988277733,29.351868301495877
945,22.389719386669533,49.839832036000345,112.45757647684077,21.947041954013194
946,25.09406039850472,29.648928991157117,83.57562751582579,32.25530769992888
947,28.73843732141492,64.29502389148972,102.54377877514241,33.095187969289874
948,,,,23.022936951145006
949,18.782368054073665,53.36533336614694,80.54837062068634,44.02900968180102
950,15.280677047885765,41.31390348620896,100.72367887913207,19.107177243882873
951,16.83261003781539,49.01754378740411,103.81390575440878,22.43000144459495
952,23.321937671178134,25.949811355118847,138.62506189303798,29.354413138193067
953,16.60347615317132,65.01974367814934,86.88624948467454,45.128973945932174
954,15.878644113414953,35.57753002442899,65.81201351609323,25.45961559652629
955,23.984979318611373,34.00674918434446,79.02092529288046,34.002197624516135
956,22.253693950217734,85.68513520103139,82.14705153135556,58.93507199234437
957,21.75005598967587,58.31460966436412,91.46145647934209,44.35447068316324
958,16.73556320900467,64.43624612424613,79.06992541745716,48.82955850517426
959,26.465116391073508,56.88337094542848,116.44244011637879,33.584454635537796
960,20.072450986598955,43.21279160020397,77.6793447398104,37.57492853575567
961,31.900950693773847,30.397252138174842,100.4003593659846,18.37910322957594
962,20.805830847350222,45.51769418861512,140.00384367044347,36.75880062974972
963,8.333260790764198,35.327609832116565,111.07136543527248,13.432411713779894
964,8.110622326115655,36.228272413482216,109.01514023424718,8.781157151633552
965,23.119749709227342,26.25219006545455,137.1463240149032,32.80166669613622
966,26.502470761654028,51.71713939693244,124.91299128473946,31.02692434535554
967,16.080859350380752,73.6011822128877,111.30248734705206,33.488717699281395
968,30.504893863885755,58.372050845396735,93.78546300111061,35.61763054909875
969,28.314994684970515,48.413144182224315,99.54622250420412,26.763169222553575
970,21.05273381720574,49.39142190784772,98.57392264667587,26.863237279413806
971,22.697269711780656,4.283340314096051,91.97148904855783,10.012552802608031
972,24.472651086942584,43.642468671509356,104.24073023765848,20.413477491446905
973,29.449974486602578,28.599861571694912,107.01495394095312,13.23513753302381
974,,,,26.583325872173795
975,,,,20.795955194140184
976,23.361505987933246,36.9604318818869,108.19595026146563,14.517272587293608
977,22.68680140724613,51.67845056732899,94.74434076098765,34.65818128720084
978,24.62205093637497,51.54918729510415,104.42351957458915,25.77781049381548
979,12.149883534602317,72.77936059184641,118.60737782317202,36.09206116119985
980,21.579267249737274,60.29626250670094,70.66627174828216,45.196711327793004
981,22.30220253789868,53.25459185055309,97.89878547039508,27.5804939456666
982,19.63576416473914,35.78728289522911,76.28288450275335,34.85255723119418
983,23.920832221087792,33.89841321338767,153.1400764195124,28.164282128296303
984,29.605838102845205,58.98272011154911,102.76372095537229,35.38591862849023
985,20.6910856555222,46.99895941339355,76.44508704800987,41.092541088347126
986,23.45860540353845,53.74048386689911,171.98933561394784,24.986402432762112
987,,,,26.30830729879629
988,20.807822529709277,27.302918372872853,95.81840163847585,19.26732452865746
989,15.557683988205955,70.95553077543491,97.26403520029275,38.05794512361067
990,23.07889424543962,64.54072680423494,83.04093886861929,47.66542764238051
991,8.99166931600962,19.183396670185328,104.94704034992286,4.588494820725335
992,8.5081648101866,85.29638673366466,55.785196672799486,40.61978476241916
993,21.66506023558129,54.82064478622185,121.71796765754583,32.18634842580206
994,8.275148084590668,42.82192549365569,77.44390258525559,35.711749542231296
995,13.424161287859047,57.78593335407388,91.69356955379376,38.46287013300731
996,18.099507182448388,35.33788044591896,115.03039347372325,16.604784600783272
997,16.392918251270565,58.19192529790327,95.9107796338777,33.6155285697313
998,19.260967482264412,38.09755312497033,96.72904505804748,20.083862084273086
999,,,,22.6829221264555
1000,21.192404056819655,50.901502908596015,141.912964349409,41.29755743103056
